object,category,context,fasttext_similarity,word2vec_similarity,glove_similarity,average_similarity
apple,Fruits,kitchen,0.19525370001792908,0.1500253677368164,0.19875599443912506,0.1813450207312902
apple,Fruits,office,0.08486676961183548,0.0549539253115654,0.17925889790058136,0.10635986427466075
apple,Fruits,playroom,0.08269213885068893,0.09085994958877563,-0.07638087123632431,0.03239040573438009
apple,Fruits,living_room,-0.010562513954937458,0.02791319228708744,0.12232209742069244,0.04655759191761414
apple,Fruits,bedroom,0.08573953062295914,0.03688511997461319,0.043446075171232224,0.05535690858960152
apple,Fruits,dining_room,0.02846646122634411,0.10004158318042755,0.12824341654777527,0.0855838203181823
apple,Fruits,pantry,0.11045808345079422,0.14604449272155762,0.06529519706964493,0.10726592441399892
apple,Fruits,garden,0.27058133482933044,0.29055312275886536,0.20532254874706268,0.2554856687784195
apple,Fruits,laundry_room,0.059085745364427567,0.07337332516908646,0.09954681247472763,0.07733529433608055
apple,Fruits,bathroom,0.09545819461345673,0.02543206885457039,0.023148134350776672,0.04801279927293459
orange,Fruits,kitchen,0.16967488825321198,0.08993031084537506,0.14125093817710876,0.13361871242523193
orange,Fruits,office,0.08708719164133072,0.04552237689495087,0.20886339247226715,0.11382432033618291
orange,Fruits,playroom,0.12706516683101654,0.11938527226448059,-0.09181228280067444,0.05154605209827423
orange,Fruits,living_room,0.10959409922361374,0.06894481182098389,0.1770138442516327,0.11851758509874344
orange,Fruits,bedroom,0.14757022261619568,0.04809170216321945,0.15060393512248993,0.11542195330063502
orange,Fruits,dining_room,0.12956441938877106,0.17027859389781952,0.16659583151340485,0.15547961493333182
orange,Fruits,pantry,0.10807405412197113,0.0518529899418354,0.05511704459786415,0.07168136288722356
orange,Fruits,garden,0.1964859664440155,0.18735885620117188,0.2336268275976181,0.2058238834142685
orange,Fruits,laundry_room,0.12957917153835297,0.09416674077510834,0.1874239444732666,0.1370566189289093
orange,Fruits,bathroom,0.14363956451416016,0.1153794527053833,0.061033375561237335,0.10668413092692693
lemon,Fruits,kitchen,0.2036520540714264,0.19525223970413208,0.1408146321773529,0.17990630865097046
lemon,Fruits,office,0.03275169059634209,0.007006668020039797,-0.06850714236497879,-0.009582927916198969
lemon,Fruits,playroom,0.027850348502397537,0.11969712376594543,-0.05072057619690895,0.03227563202381134
lemon,Fruits,living_room,0.10164054483175278,0.025516502559185028,0.11677449196577072,0.08131051311890285
lemon,Fruits,bedroom,0.13449934124946594,0.0974951833486557,0.07781025022268295,0.10326825827360153
lemon,Fruits,dining_room,0.09229952096939087,0.1868106871843338,0.1502649039030075,0.14312503735224405
lemon,Fruits,pantry,0.12709122896194458,0.15830212831497192,0.13173003494739532,0.13904113074143729
lemon,Fruits,garden,0.2257271558046341,0.2228354960680008,0.12864790856838226,0.1924035201470057
lemon,Fruits,laundry_room,0.12253816425800323,0.10861464589834213,0.11750544607639313,0.11621941874424617
lemon,Fruits,bathroom,0.1716601699590683,0.16362985968589783,0.05729943886399269,0.13086315616965294
banana,Fruits,kitchen,0.2074933499097824,0.16108699142932892,0.12159039080142975,0.16339024404684702
banana,Fruits,office,0.0791240707039833,0.04224594309926033,0.01668607071042061,0.046018694837888084
banana,Fruits,playroom,0.12800800800323486,0.0861983597278595,-0.05743797868490219,0.052256129682064056
banana,Fruits,living_room,0.08710838854312897,0.0734025239944458,0.04979073628783226,0.07010054960846901
banana,Fruits,bedroom,0.12893415987491608,0.09242299199104309,0.02226153388619423,0.08120622858405113
banana,Fruits,dining_room,0.11018091440200806,0.10368241369724274,0.04625635966658592,0.08670656258861224
banana,Fruits,pantry,0.18218624591827393,0.1551666557788849,0.09084285795688629,0.1427319198846817
banana,Fruits,garden,0.18137124180793762,0.2426138073205948,0.13277988135814667,0.18558831016222635
banana,Fruits,laundry_room,0.1150156632065773,0.13142384588718414,0.050921730697155,0.09912041326363881
banana,Fruits,bathroom,0.190779447555542,0.11558865010738373,0.05203399434685707,0.11946736400326093
bottle,Beverages,kitchen,0.2486039251089096,0.23146119713783264,0.32512494921684265,0.26839669048786163
bottle,Beverages,office,0.08999741077423096,0.048634760081768036,0.08271336555480957,0.07378184547026952
bottle,Beverages,playroom,0.1289556324481964,0.0889715924859047,0.006096001248806715,0.07467440872763594
bottle,Beverages,living_room,0.06305639445781708,0.11927203834056854,0.22946834564208984,0.13726559281349182
bottle,Beverages,bedroom,0.19207921624183655,0.2459263801574707,0.2390134036540985,0.2256730000178019
bottle,Beverages,dining_room,0.03968483954668045,0.17052766680717468,0.29765188694000244,0.16928813109795252
bottle,Beverages,pantry,0.27781084179878235,0.17978475987911224,0.1884126365184784,0.21533607939879099
bottle,Beverages,garden,0.21162229776382446,0.17191529273986816,0.14260119199752808,0.17537959416707358
bottle,Beverages,laundry_room,0.08145003020763397,0.22517967224121094,0.3650660812854767,0.2238985945781072
bottle,Beverages,bathroom,0.3127906918525696,0.34082525968551636,0.32425999641418457,0.3259586493174235
beer,Beverages,kitchen,0.24185247719287872,0.1951320469379425,0.2881423234939575,0.24170894920825958
beer,Beverages,office,0.11883273720741272,0.009833673015236855,0.0599195696413517,0.06286199328800042
beer,Beverages,playroom,0.051723651587963104,0.03607521206140518,-0.06227647513151169,0.008507462839285532
beer,Beverages,living_room,0.12566591799259186,0.12350165098905563,0.1757112592458725,0.14162627607584
beer,Beverages,bedroom,0.11538604646921158,0.11598996073007584,0.10585840791463852,0.11241147170464198
beer,Beverages,dining_room,0.13856104016304016,0.19701223075389862,0.2737466096878052,0.20310662686824799
beer,Beverages,pantry,0.1863633692264557,0.15433430671691895,0.12600313127040863,0.15556693573792776
beer,Beverages,garden,0.28376537561416626,0.24574056267738342,0.1824488490819931,0.2373182624578476
beer,Beverages,laundry_room,0.14119385182857513,0.16438926756381989,0.24056781828403473,0.1820503125588099
beer,Beverages,bathroom,0.24345819652080536,0.18158045411109924,0.2365492433309555,0.22052929798762003
juice,Beverages,kitchen,0.20808395743370056,0.17180576920509338,0.24874508380889893,0.20954493681589761
juice,Beverages,office,0.06866604089736938,0.09869818389415741,-0.02288679964840412,0.04815914171437422
juice,Beverages,playroom,0.09723076969385147,0.14675070345401764,0.0075393919833004475,0.08384028837705652
juice,Beverages,living_room,0.10248441249132156,0.08802375197410583,0.13165797293186188,0.10738871246576309
juice,Beverages,bedroom,0.11739050596952438,0.035861536860466,0.0885176882147789,0.08058991034825642
juice,Beverages,dining_room,0.1170262023806572,0.06605186313390732,0.18740209937095642,0.12349338829517365
juice,Beverages,pantry,0.16213424503803253,0.20660096406936646,0.22915136814117432,0.19929552574952444
juice,Beverages,garden,0.18236884474754333,0.1430329829454422,0.12524279952049255,0.15021487573782602
juice,Beverages,laundry_room,0.12510663270950317,0.2113235890865326,0.2391299605369568,0.19185339411099753
juice,Beverages,bathroom,0.19051015377044678,0.18533934652805328,0.12683343887329102,0.16756097972393036
wine,Beverages,kitchen,0.29540061950683594,0.23625648021697998,0.2709987759590149,0.2675519585609436
wine,Beverages,office,0.05801967903971672,-0.019782492890954018,0.05785448104143143,0.03203055573006471
wine,Beverages,playroom,0.11218621581792831,0.025564633309841156,-0.1441393494606018,-0.0021295001109441123
wine,Beverages,living_room,0.07448137551546097,0.15159641206264496,0.20802637934684753,0.1447013889749845
wine,Beverages,bedroom,0.13713090121746063,0.12607073783874512,0.09606350213289261,0.11975504706303279
wine,Beverages,dining_room,0.09412865340709686,0.2810632884502411,0.31955569982528687,0.2315825472275416
wine,Beverages,pantry,0.2560204565525055,0.18907010555267334,0.13014154136180878,0.19174403448899588
wine,Beverages,garden,0.2897484302520752,0.259594589471817,0.2337874323129654,0.2610434840122859
wine,Beverages,laundry_room,0.10804519057273865,0.15367573499679565,0.24057637155056,0.16743243237336478
wine,Beverages,bathroom,0.17212726175785065,0.07620669156312943,0.10885197669267654,0.11906197667121887
carrot,Vegetables,kitchen,0.1469109058380127,0.03084634430706501,0.136056587100029,0.10460461241503556
carrot,Vegetables,office,-0.01170731708407402,0.018030419945716858,-0.08181068301200867,-0.02516252671678861
carrot,Vegetables,playroom,0.08495474606752396,-0.02322380803525448,0.015517731197178364,0.02574955640981595
carrot,Vegetables,living_room,0.08266931772232056,-0.050812430679798126,0.009798487648367882,0.013885124896963438
carrot,Vegetables,bedroom,0.06982779502868652,0.01100851595401764,-0.05440155416727066,0.0088115856051445
carrot,Vegetables,dining_room,0.09997634589672089,0.04516492038965225,0.04285130277276039,0.06266418968637784
carrot,Vegetables,pantry,0.10931911319494247,0.0694807842373848,0.12744088470935822,0.10208026071389516
carrot,Vegetables,garden,0.2597990334033966,0.1648707240819931,0.1341933310031891,0.1862876961628596
carrot,Vegetables,laundry_room,0.1115904301404953,0.006884332280606031,0.04805693402886391,0.05551056548332175
carrot,Vegetables,bathroom,0.08637522906064987,-0.003205037908628583,7.75422013248317e-05,0.027749244451115374
bell_pepper,Vegetables,kitchen,0.1539103388786316,0.19350117444992065,0.24351876974105835,0.19697676102320352
bell_pepper,Vegetables,office,0.0892171859741211,-0.043654393404722214,0.05441189929842949,0.03332489728927612
bell_pepper,Vegetables,playroom,0.043834388256073,0.055607207119464874,-0.12709641456604004,-0.009218273063500723
bell_pepper,Vegetables,living_room,0.46978437900543213,0.01958557218313217,0.11273972690105438,0.2007032260298729
bell_pepper,Vegetables,bedroom,0.11231091618537903,0.1356319636106491,0.05679568648338318,0.1015795220931371
bell_pepper,Vegetables,dining_room,0.5202597975730896,0.1862589567899704,0.17939136922359467,0.2953033745288849
bell_pepper,Vegetables,pantry,0.10714355856180191,0.154549703001976,0.017289016395807266,0.09299409265319507
bell_pepper,Vegetables,garden,0.10391495376825333,0.2633187770843506,0.16557414829730988,0.1776026263833046
bell_pepper,Vegetables,laundry_room,0.6306936144828796,0.06577842682600021,0.08521918952465057,0.2605637436111768
bell_pepper,Vegetables,bathroom,0.10241739451885223,0.0628625750541687,0.08970596641302109,0.08499531199534734
cucumber,Vegetables,kitchen,0.1850699931383133,0.21124188601970673,0.11921883374452591,0.17184357096751532
cucumber,Vegetables,office,0.026821810752153397,-0.05075914040207863,-0.1786421686410904,-0.06752649943033855
cucumber,Vegetables,playroom,0.08449345827102661,0.05049914866685867,0.047353655099868774,0.06078208734591802
cucumber,Vegetables,living_room,0.046279676258563995,0.06747952848672867,0.025383252650499344,0.04638081913193067
cucumber,Vegetables,bedroom,0.11068696528673172,0.1069905236363411,0.00040099440957419574,0.072692827777549
cucumber,Vegetables,dining_room,0.07496685534715652,0.1844605803489685,0.06849419325590134,0.10930720965067546
cucumber,Vegetables,pantry,0.15958628058433533,0.16962917149066925,0.17497804760932922,0.16806449989477792
cucumber,Vegetables,garden,0.3491848111152649,0.3487117886543274,0.1154748722910881,0.2711238240202268
cucumber,Vegetables,laundry_room,0.10491281747817993,0.1241399422287941,0.034169137477874756,0.0877406323949496
cucumber,Vegetables,bathroom,0.17413078248500824,0.12033718824386597,0.037312958389520645,0.11059364303946495
broccoli,Vegetables,kitchen,0.20236609876155853,0.23536992073059082,0.1215045154094696,0.18641351163387299
broccoli,Vegetables,office,0.0076365903951227665,-0.012454750016331673,-0.1273738145828247,-0.04406399140134454
broccoli,Vegetables,playroom,0.12352795898914337,0.11223335564136505,-0.021306710317730904,0.07148486810425918
broccoli,Vegetables,living_room,0.05442191660404205,0.013388396240770817,-0.08860303461551666,-0.006930907256901264
broccoli,Vegetables,bedroom,0.07780580967664719,0.09843141585588455,-0.09620445966720581,0.02667758862177531
broccoli,Vegetables,dining_room,0.07023090124130249,0.21663139760494232,-0.02753714844584465,0.08644171680013339
broccoli,Vegetables,pantry,0.18775677680969238,0.2553110420703888,0.09692306816577911,0.1799969623486201
broccoli,Vegetables,garden,0.33330637216567993,0.354116827249527,0.1602421998977661,0.28255513310432434
broccoli,Vegetables,laundry_room,0.11599943041801453,0.14216411113739014,0.011230573989450932,0.08979803851495187
broccoli,Vegetables,bathroom,0.11678141355514526,0.13354294002056122,-0.0525168739259243,0.0659358265499274
pretzel,Snacks,kitchen,0.11139694601297379,0.17751963436603546,0.04238944128155708,0.11043534055352211
pretzel,Snacks,office,0.06890110671520233,0.05247286334633827,-0.1385195106267929,-0.005715180188417435
pretzel,Snacks,playroom,0.09763920307159424,0.0932309478521347,0.07551507651805878,0.08879507581392924
pretzel,Snacks,living_room,0.09525761008262634,0.014003612101078033,-0.0932360589504242,0.00534172107776006
pretzel,Snacks,bedroom,0.03149089962244034,-0.018665218725800514,-0.013725326396524906,-0.00029988183329502743
pretzel,Snacks,dining_room,0.09240860491991043,0.18029384315013885,0.019691189751029015,0.09746454594035943
pretzel,Snacks,pantry,0.08890464901924133,0.1669503152370453,0.07729055732488632,0.11104850719372432
pretzel,Snacks,garden,0.1089109256863594,0.11689329147338867,0.06821534782648087,0.09800652166207631
pretzel,Snacks,laundry_room,0.06735378503799438,0.11509649455547333,0.010830676183104515,0.06442698525885741
pretzel,Snacks,bathroom,0.11141623556613922,0.13910579681396484,0.042720403522253036,0.09774747863411903
popcorn,Snacks,kitchen,0.28176257014274597,0.24335500597953796,0.20775628089904785,0.24429128567377725
popcorn,Snacks,office,0.12175504118204117,0.11485465615987778,-0.013617533259093761,0.07433072136094172
popcorn,Snacks,playroom,0.237826406955719,0.24446745216846466,0.07688680291175842,0.18639355401198068
popcorn,Snacks,living_room,0.08028454333543777,0.11974573880434036,0.07165694981813431,0.09056241065263748
popcorn,Snacks,bedroom,0.11148424446582794,0.12203192710876465,0.09385784715414047,0.10912467290957768
popcorn,Snacks,dining_room,0.10023748129606247,0.20052404701709747,0.1872468739748001,0.16266946742932
popcorn,Snacks,pantry,0.28776058554649353,0.22578391432762146,0.18166154623031616,0.23173534870147705
popcorn,Snacks,garden,0.13888412714004517,0.20366622507572174,0.09293943643569946,0.14516326288382211
popcorn,Snacks,laundry_room,0.14682500064373016,0.26154080033302307,0.20563261210918427,0.2046661376953125
popcorn,Snacks,bathroom,0.17626580595970154,0.2028890997171402,0.1108354777097702,0.16333012779553732
muffin,Snacks,kitchen,0.24934984743595123,0.28713458776474,0.1812349110841751,0.23923978209495544
muffin,Snacks,office,0.08622050285339355,0.03518489748239517,-0.10294172167778015,0.006154559552669525
muffin,Snacks,playroom,0.15382201969623566,0.16247650980949402,0.059816159307956696,0.12537156293789545
muffin,Snacks,living_room,0.07904305309057236,0.09576652944087982,-0.046365778893232346,0.042814601212739944
muffin,Snacks,bedroom,0.11130160838365555,0.14834672212600708,0.03571457043290138,0.098454300314188
muffin,Snacks,dining_room,0.0549413301050663,0.24737752974033356,0.024386677891016006,0.10890184591213863
muffin,Snacks,pantry,0.24730616807937622,0.29769250750541687,0.2113284468650818,0.25210904081662494
muffin,Snacks,garden,0.1710248589515686,0.20238520205020905,0.010572669096291065,0.12799424336602291
muffin,Snacks,laundry_room,0.13514000177383423,0.21678338944911957,0.10892302542924881,0.15361547221740088
muffin,Snacks,bathroom,0.15746401250362396,0.27740198373794556,0.09447018057107925,0.17644539227088293
chocolate,Snacks,kitchen,0.23118799924850464,0.2810567319393158,0.2788292467594147,0.2636913259824117
chocolate,Snacks,office,0.09235145896673203,0.04996997490525246,0.01847994141280651,0.053600458428263664
chocolate,Snacks,playroom,0.16810555756092072,0.21047532558441162,0.07040075212717056,0.1496605450908343
chocolate,Snacks,living_room,0.17017708718776703,0.15448115766048431,0.17478124797344208,0.16647983094056448
chocolate,Snacks,bedroom,0.11672750860452652,0.1392897218465805,0.11274652183055878,0.12292125076055527
chocolate,Snacks,dining_room,0.16433526575565338,0.23133844137191772,0.25256505608558655,0.2160795877377192
chocolate,Snacks,pantry,0.25320765376091003,0.24046656489372253,0.1406019628047943,0.21142539381980896
chocolate,Snacks,garden,0.1587376743555069,0.21369901299476624,0.14029961824417114,0.17091210186481476
chocolate,Snacks,laundry_room,0.16761767864227295,0.1786874532699585,0.2235722690820694,0.18995913366476694
chocolate,Snacks,bathroom,0.1602974683046341,0.17439475655555725,0.1837252974510193,0.17280584077040353
pen,Office Supplies,kitchen,0.1387333869934082,0.17905525863170624,0.24276196956634521,0.18685020506381989
pen,Office Supplies,office,0.16272668540477753,0.07157278805971146,0.10231251269578934,0.11220399538675944
pen,Office Supplies,playroom,0.13386563956737518,0.11111510545015335,-0.0320206843316555,0.07098668689529102
pen,Office Supplies,living_room,0.10651776194572449,0.13800117373466492,0.14739736914634705,0.13063876827557883
pen,Office Supplies,bedroom,0.10321444272994995,0.14470694959163666,0.14771601557731628,0.13187913596630096
pen,Office Supplies,dining_room,0.09529601782560349,0.13245181739330292,0.13118597865104675,0.11964460462331772
pen,Office Supplies,pantry,0.0915922075510025,0.04162663593888283,0.05841006338596344,0.06387630229194959
pen,Office Supplies,garden,0.19128777086734772,0.0673392117023468,0.1523962765932083,0.13700775305430093
pen,Office Supplies,laundry_room,0.10900530964136124,0.14626167714595795,0.21703343093395233,0.15743347257375717
pen,Office Supplies,bathroom,0.14522016048431396,0.1872064173221588,0.17618635296821594,0.1695376435915629
adhesive_tape,Office Supplies,kitchen,0.06253167986869812,0.1315830498933792,0.11848470568656921,0.10419981181621552
adhesive_tape,Office Supplies,office,0.07551103085279465,0.04563006013631821,0.09861012548208237,0.07325040549039841
adhesive_tape,Office Supplies,playroom,0.0709465742111206,0.03144602105021477,-0.006631559692323208,0.03192034518967072
adhesive_tape,Office Supplies,living_room,0.41520223021507263,0.08272788673639297,0.1247648373246193,0.20756498475869498
adhesive_tape,Office Supplies,bedroom,0.024523504078388214,0.11148697882890701,0.14335545897483826,0.09312198062737782
adhesive_tape,Office Supplies,dining_room,0.504062294960022,0.06372770667076111,0.057654161006212234,0.20848138754566511
adhesive_tape,Office Supplies,pantry,0.07208675146102905,0.12559249997138977,0.05012127384543419,0.08260017509261768
adhesive_tape,Office Supplies,garden,0.06791612505912781,0.0373995415866375,-0.026665428653359413,0.02621674599746863
adhesive_tape,Office Supplies,laundry_room,0.561420738697052,0.1628987044095993,0.175983265042305,0.3001009027163188
adhesive_tape,Office Supplies,bathroom,0.054121825844049454,0.24901534616947174,0.19831304252147675,0.16715007151166597
stapler,Office Supplies,kitchen,0.26566195487976074,0.2679643929004669,0.0804448127746582,0.20469038685162863
stapler,Office Supplies,office,0.3065193295478821,0.15529626607894897,-0.0018909556092694402,0.1533082133391872
stapler,Office Supplies,playroom,0.18573035299777985,0.15238285064697266,0.25851333141326904,0.19887551168600717
stapler,Office Supplies,living_room,0.03640873730182648,0.08261565119028091,-0.1246238425374031,-0.0018664846817652385
stapler,Office Supplies,bedroom,0.164739191532135,0.13557276129722595,0.03198641911149025,0.11076612398028374
stapler,Office Supplies,dining_room,0.015442675910890102,0.1571846604347229,-0.07311655580997467,0.03317026017854611
stapler,Office Supplies,pantry,0.27039968967437744,0.16147036850452423,0.2167966365814209,0.2162222315867742
stapler,Office Supplies,garden,0.13219283521175385,0.10798430442810059,-0.08304840326309204,0.0523762454589208
stapler,Office Supplies,laundry_room,0.05623830109834671,0.20980772376060486,0.07644608616828918,0.11416403700908025
stapler,Office Supplies,bathroom,0.20338566601276398,0.3592574894428253,0.0542973168194294,0.2056468240916729
scissors,Office Supplies,kitchen,0.2937106490135193,0.23612134158611298,0.27989205718040466,0.26990801592667896
scissors,Office Supplies,office,0.12320130318403244,0.09500148147344589,-0.04371809586882591,0.058161562929550804
scissors,Office Supplies,playroom,0.2234077751636505,0.13428226113319397,0.0686449185013771,0.1421116515994072
scissors,Office Supplies,living_room,0.059609055519104004,0.09885095804929733,0.04587920010089874,0.06811307122310002
scissors,Office Supplies,bedroom,0.12682728469371796,0.17686767876148224,0.13542048633098602,0.14637181659539542
scissors,Office Supplies,dining_room,0.03442450612783432,0.17099067568778992,0.10486987978219986,0.10342835386594136
scissors,Office Supplies,pantry,0.20796488225460052,0.17259541153907776,0.1931830495595932,0.19124778111775717
scissors,Office Supplies,garden,0.21758557856082916,0.11855752766132355,0.03504762053489685,0.12373024225234985
scissors,Office Supplies,laundry_room,0.11289661377668381,0.21389544010162354,0.19002704322338104,0.17227303236722946
scissors,Office Supplies,bathroom,0.2499610334634781,0.30969861149787903,0.28045937418937683,0.28003967305024463
ball,Toys,kitchen,0.11640892922878265,0.11861582845449448,0.14642482995986938,0.12714986254771551
ball,Toys,office,0.09810970723628998,0.03471304848790169,0.08985747396945953,0.07422674323121707
ball,Toys,playroom,0.18320859968662262,0.10718508809804916,-0.01871541514992714,0.09055942421158154
ball,Toys,living_room,0.09430662542581558,0.061391521245241165,0.17592310905456543,0.1105404185752074
ball,Toys,bedroom,0.07622914761304855,0.07152438908815384,0.07959085702896118,0.07578146457672119
ball,Toys,dining_room,0.08737719058990479,0.0966075137257576,0.1760243922472,0.1200030321876208
ball,Toys,pantry,0.07868079096078873,0.11832831054925919,-0.07548709958791733,0.040507333974043526
ball,Toys,garden,0.19373944401741028,0.1455361247062683,0.16259765625,0.1672910749912262
ball,Toys,laundry_room,0.09318544715642929,0.0736088976264,0.16080360114574432,0.10919931530952454
ball,Toys,bathroom,0.08745669573545456,0.1282457411289215,0.10630775988101959,0.10733673224846522
dice,Toys,kitchen,0.14747339487075806,0.0783654972910881,0.07329558581113815,0.09971149265766144
dice,Toys,office,0.007487953174859285,-0.08261003345251083,-0.09241800755262375,-0.0558466959434251
dice,Toys,playroom,0.13209842145442963,0.11506814509630203,0.008647751994431019,0.08527143951505423
dice,Toys,living_room,0.023003460839390755,0.05716841667890549,0.044672735035419464,0.04161487085123857
dice,Toys,bedroom,0.07500441372394562,0.02796722576022148,-0.019725708290934563,0.02774864373107751
dice,Toys,dining_room,0.06083586812019348,0.08358275145292282,0.08113469928503036,0.07518443961938222
dice,Toys,pantry,0.06499028205871582,0.03576935827732086,-0.06102612987160683,0.013244503488143286
dice,Toys,garden,0.078427754342556,0.01948949694633484,0.05446646735072136,0.050794572879870735
dice,Toys,laundry_room,0.10003354400396347,0.06497009098529816,0.060784388333559036,0.07526267444094022
dice,Toys,bathroom,0.08249596506357193,0.008607359603047371,0.015094760805368423,0.03539936182399591
teddy_bear,Toys,kitchen,0.10178662091493607,0.1721150428056717,0.06597388535737991,0.11329184969266255
teddy_bear,Toys,office,0.04939445108175278,0.08611960709095001,0.007645072881132364,0.04771971035127839
teddy_bear,Toys,playroom,0.14514146745204926,0.36378440260887146,-0.034312911331653595,0.15820431957642236
teddy_bear,Toys,living_room,0.47856223583221436,0.19429565966129303,0.19102215766906738,0.2879600177208583
teddy_bear,Toys,bedroom,0.1570873260498047,0.23502296209335327,0.14896301925182343,0.18035776913166046
teddy_bear,Toys,dining_room,0.4792158007621765,0.21247023344039917,0.14467035233974457,0.27878546218077344
teddy_bear,Toys,pantry,0.05337807908654213,0.14591369032859802,-0.02777237631380558,0.05717313103377819
teddy_bear,Toys,garden,0.04737064614892006,0.22616472840309143,0.07469744980335236,0.11607760811845462
teddy_bear,Toys,laundry_room,0.5450541377067566,0.228820338845253,0.12153106927871704,0.2984685152769089
teddy_bear,Toys,bathroom,0.1431741863489151,0.22160573303699493,0.10872448235750198,0.15783480058113733
toy,Toys,kitchen,0.2215406596660614,0.15718203783035278,0.22635747492313385,0.20169339080651602
toy,Toys,office,0.16576620936393738,0.07450897246599197,0.119647316634655,0.11997416615486145
toy,Toys,playroom,0.4385039508342743,0.3376902937889099,0.173728346824646,0.3166408638159434
toy,Toys,living_room,0.07166499644517899,0.0659487321972847,0.1264963001012802,0.08803667624791463
toy,Toys,bedroom,0.2579779326915741,0.15689319372177124,0.15176555514335632,0.1888788938522339
toy,Toys,dining_room,0.06548172235488892,0.07797843962907791,0.15863202512264252,0.10069739570220311
toy,Toys,pantry,0.1608399599790573,0.18181532621383667,0.10682164877653122,0.1498256449898084
toy,Toys,garden,0.21125638484954834,0.12200842052698135,0.12101885676383972,0.15142788738012314
toy,Toys,laundry_room,0.08441143482923508,0.11719924211502075,0.11978261917829514,0.10713109870751698
toy,Toys,bathroom,0.20959162712097168,0.12538351118564606,0.15539981424808502,0.16345831751823425
bowl,Kitchenware,kitchen,0.3227975368499756,0.19589334726333618,0.19165079295635223,0.23678055902322134
bowl,Kitchenware,office,0.08927106857299805,0.02902701497077942,0.0621497817337513,0.06014928842584292
bowl,Kitchenware,playroom,0.11525587737560272,0.1456361562013626,0.00375503022223711,0.08821568793306749
bowl,Kitchenware,living_room,0.12883025407791138,0.1376529484987259,0.18834936618804932,0.15161085625489554
bowl,Kitchenware,bedroom,0.18504871428012848,0.07052231580018997,0.013757718726992607,0.08977624960243702
bowl,Kitchenware,dining_room,0.0941244512796402,0.18505635857582092,0.23308421671390533,0.17075500885645548
bowl,Kitchenware,pantry,0.23240360617637634,0.17811496555805206,0.05022769421339035,0.15358208864927292
bowl,Kitchenware,garden,0.2342447191476822,0.14197228848934174,0.17476630210876465,0.1836611032485962
bowl,Kitchenware,laundry_room,0.13035960495471954,0.12292851507663727,0.1902390569448471,0.1478423923254013
bowl,Kitchenware,bathroom,0.28791120648384094,0.15061059594154358,0.11429376900196075,0.18427185714244843
knife,Kitchenware,kitchen,0.3870159685611725,0.31887397170066833,0.43859973549842834,0.3814965585867564
knife,Kitchenware,office,0.0757700651884079,0.051902756094932556,0.10154073685407639,0.07640451937913895
knife,Kitchenware,playroom,0.07940686494112015,0.03779115155339241,-0.03151170536875725,0.028562103708585102
knife,Kitchenware,living_room,0.06564559787511826,0.12531878054141998,0.20629748702049255,0.1324206218123436
knife,Kitchenware,bedroom,0.16134785115718842,0.22794899344444275,0.25265195965766907,0.21398293475310007
knife,Kitchenware,dining_room,0.057326026260852814,0.1516372114419937,0.23229654133319855,0.14708659301201502
knife,Kitchenware,pantry,0.25144821405410767,0.16909319162368774,0.14414699375629425,0.18822946647802988
knife,Kitchenware,garden,0.1796046644449234,0.17050045728683472,0.11774036288261414,0.15594849487145743
knife,Kitchenware,laundry_room,0.08665524423122406,0.16157107055187225,0.26299506425857544,0.1704071263472239
knife,Kitchenware,bathroom,0.2530518174171448,0.32444697618484497,0.370532363653183,0.31601038575172424
spoon,Kitchenware,kitchen,0.3328370153903961,0.35718995332717896,0.3012671172618866,0.33043136199315387
spoon,Kitchenware,office,0.07176634669303894,0.002694472437724471,-0.0953202173113823,-0.006953132726872961
spoon,Kitchenware,playroom,0.161723792552948,0.18420250713825226,0.09960813820362091,0.1485114792982737
spoon,Kitchenware,living_room,0.07705217599868774,0.09797007590532303,0.08814873546361923,0.08772366245587666
spoon,Kitchenware,bedroom,0.13243252038955688,0.15371227264404297,0.03391223028302193,0.10668567443887393
spoon,Kitchenware,dining_room,0.0731743574142456,0.2786007523536682,0.1540290117263794,0.16860137383143106
spoon,Kitchenware,pantry,0.2550334930419922,0.23157207667827606,0.18129444122314453,0.2226333369811376
spoon,Kitchenware,garden,0.14346115291118622,0.19460514187812805,0.07286010682582855,0.1369754672050476
spoon,Kitchenware,laundry_room,0.12584808468818665,0.18123075366020203,0.18537765741348267,0.16415216525395712
spoon,Kitchenware,bathroom,0.18531492352485657,0.26171863079071045,0.13322076201438904,0.1934181054433187
mug,Kitchenware,kitchen,0.24718834459781647,0.16068574786186218,0.15227334201335907,0.18671581149101257
mug,Kitchenware,office,0.20148847997188568,0.11295400559902191,0.032732874155044556,0.11572511990865071
mug,Kitchenware,playroom,0.1067948266863823,0.11076588928699493,0.07536723464727402,0.09764265020688374
mug,Kitchenware,living_room,0.09218001365661621,0.05341510847210884,0.06843852996826172,0.07134455069899559
mug,Kitchenware,bedroom,0.18523897230625153,0.1333329975605011,0.09975375980138779,0.13944190988938013
mug,Kitchenware,dining_room,0.07880385220050812,0.16666924953460693,0.1260114461183548,0.12382818261782329
mug,Kitchenware,pantry,0.11413176357746124,0.07899296283721924,0.07123680412769318,0.08812051018079121
mug,Kitchenware,garden,0.11356738954782486,0.10664970427751541,0.03084012120962143,0.08368573834498723
mug,Kitchenware,laundry_room,0.10173697024583817,0.12087120115756989,0.13295771181583405,0.1185219610730807
mug,Kitchenware,bathroom,0.24266847968101501,0.24453389644622803,0.23821185529232025,0.2418047438065211
glove,Clothing,kitchen,0.20679469406604767,0.15036210417747498,0.1959521323442459,0.1843696435292562
glove,Clothing,office,0.21088027954101562,0.05634627491235733,0.07478850334882736,0.1140050192674001
glove,Clothing,playroom,0.15891079604625702,0.12366489320993423,0.07470136135816574,0.11909235020478566
glove,Clothing,living_room,0.011717300862073898,0.09044535458087921,0.14117364585399628,0.08111210043231647
glove,Clothing,bedroom,0.14440983533859253,0.13578876852989197,0.2606220543384552,0.18027355273564658
glove,Clothing,dining_room,0.033506251871585846,0.07941053807735443,0.1574498862028122,0.0901222253839175
glove,Clothing,pantry,0.18860745429992676,0.09649249166250229,0.11270371824502945,0.13260122140248617
glove,Clothing,garden,0.11278178542852402,0.08763832598924637,0.09307032823562622,0.0978301465511322
glove,Clothing,laundry_room,0.07531765103340149,0.1234361007809639,0.21221573650836945,0.13698982944091162
glove,Clothing,bathroom,0.14570127427577972,0.13346488773822784,0.2482161521911621,0.17579410473505655
belt,Clothing,kitchen,0.1474878042936325,0.07486218214035034,0.053277209401130676,0.09187573194503784
belt,Clothing,office,0.09354330599308014,0.02714473567903042,0.07958570867776871,0.06675791678329308
belt,Clothing,playroom,0.05757293850183487,0.024875756353139877,-0.043529611080884933,0.012973027924696604
belt,Clothing,living_room,0.06634921580553055,0.1049601212143898,0.14626222848892212,0.1058571885029475
belt,Clothing,bedroom,0.13356105983257294,0.05219465121626854,0.0901263877749443,0.09196069960792859
belt,Clothing,dining_room,0.09469691663980484,0.03216268867254257,0.10659860819578171,0.0778194045027097
belt,Clothing,pantry,0.12297559529542923,-0.006358932238072157,-0.020295290276408195,0.03210712426031629
belt,Clothing,garden,0.10371965169906616,0.05399549752473831,0.14397719502449036,0.10056411474943161
belt,Clothing,laundry_room,0.09101075679063797,0.031885817646980286,0.06905665993690491,0.06398441145817439
belt,Clothing,bathroom,0.11055813729763031,0.094907745718956,0.06037209555506706,0.08861265952388446
sock,Clothing,kitchen,0.1328418254852295,0.17870599031448364,0.15783563256263733,0.15646114945411682
sock,Clothing,office,0.09600245952606201,0.02873251400887966,0.0036348188295960426,0.04278993078817924
sock,Clothing,playroom,0.14444443583488464,0.1260959655046463,0.20452702045440674,0.1583558072646459
sock,Clothing,living_room,0.07634764909744263,0.1769382208585739,0.06712562590837479,0.1068038319547971
sock,Clothing,bedroom,0.16074378788471222,0.2169964611530304,0.2538839280605316,0.2105413923660914
sock,Clothing,dining_room,0.07098151743412018,0.10051968693733215,0.07858262211084366,0.08336127549409866
sock,Clothing,pantry,0.15984053909778595,0.173054501414299,0.21933864057064056,0.18407789369424185
sock,Clothing,garden,0.12182505428791046,0.16540075838565826,0.012771046720445156,0.09999895313133796
sock,Clothing,laundry_room,0.11796730756759644,0.2741702198982239,0.2324034422636032,0.20818032324314117
sock,Clothing,bathroom,0.16685356199741364,0.25872015953063965,0.21470719575881958,0.2134269724289576
tie,Clothing,kitchen,0.07056721299886703,-0.024830812588334084,0.06419865041971207,0.03664501694341501
tie,Clothing,office,0.09995018690824509,0.026644298806786537,0.11516986787319183,0.08058811786274116
tie,Clothing,playroom,0.08472779393196106,-0.014145602472126484,-0.07464110106229782,-0.0013529698674877484
tie,Clothing,living_room,0.0757729634642601,0.016339560970664024,0.13548429310321808,0.0758656058460474
tie,Clothing,bedroom,0.1300719529390335,0.0466911718249321,0.07791803032159805,0.08489371836185455
tie,Clothing,dining_room,0.08520373702049255,0.03424687311053276,0.14514021575450897,0.08819694196184476
tie,Clothing,pantry,0.058874405920505524,0.001863705343566835,-0.09962818026542664,-0.012963356333784759
tie,Clothing,garden,0.038564763963222504,-0.010961972177028656,0.05563122034072876,0.0277446707089742
tie,Clothing,laundry_room,0.08017432689666748,0.006919451989233494,0.0979449525475502,0.06167957714448372
tie,Clothing,bathroom,0.14349988102912903,0.06831655651330948,0.08823429048061371,0.10001690934101741
computer_mouse,Personal Items,kitchen,0.12896116077899933,0.24279247224330902,0.23180076479911804,0.2011847992738088
computer_mouse,Personal Items,office,0.1604689359664917,0.1449132114648819,0.20928029716014862,0.17155414819717407
computer_mouse,Personal Items,playroom,0.07090742141008377,0.30282965302467346,0.08589181303977966,0.15320962915817896
computer_mouse,Personal Items,living_room,0.5348466634750366,0.23286254703998566,0.30872470140457153,0.35881130397319794
computer_mouse,Personal Items,bedroom,0.09228059649467468,0.22173574566841125,0.2207285314798355,0.17824829121430716
computer_mouse,Personal Items,dining_room,0.6153621673583984,0.19635333120822906,0.237851083278656,0.34985552728176117
computer_mouse,Personal Items,pantry,0.073004812002182,0.10576657205820084,0.04427165538072586,0.0743476798137029
computer_mouse,Personal Items,garden,0.12767671048641205,0.09736491739749908,0.1297050565481186,0.11824889481067657
computer_mouse,Personal Items,laundry_room,0.6467493772506714,0.2198970913887024,0.25666630268096924,0.3744375904401143
computer_mouse,Personal Items,bathroom,0.1277550309896469,0.22542549669742584,0.20809563994407654,0.18709205587704977
coin,Personal Items,kitchen,0.08121272921562195,0.0833730474114418,0.08357876539230347,0.08272151400645573
coin,Personal Items,office,0.10659267008304596,0.05644137039780617,0.091262586414814,0.08476554229855537
coin,Personal Items,playroom,0.09108386933803558,0.03088051825761795,0.003542141756042838,0.04183550978389879
coin,Personal Items,living_room,0.041862912476062775,0.06503669172525406,0.08662118017673492,0.06450692812601726
coin,Personal Items,bedroom,0.10825613886117935,0.05017959699034691,0.01188736967742443,0.05677436850965023
coin,Personal Items,dining_room,0.07732084393501282,0.07213089615106583,0.12567642331123352,0.09170938779910405
coin,Personal Items,pantry,0.0638965591788292,0.08994059264659882,0.005181461572647095,0.05300620446602503
coin,Personal Items,garden,0.11846041679382324,0.08224399387836456,0.11692404747009277,0.10587615271409352
coin,Personal Items,laundry_room,0.16986706852912903,0.068775974214077,0.23987574875354767,0.15950626383225122
coin,Personal Items,bathroom,0.15785714983940125,0.025179138407111168,0.11127028614282608,0.09810219146311283
calculator,Personal Items,kitchen,0.17067940533161163,0.1761481910943985,0.16722698509693146,0.17135152717431387
calculator,Personal Items,office,0.20572927594184875,0.13989600539207458,0.00533978221938014,0.11698835451776783
calculator,Personal Items,playroom,0.09638243913650513,0.11110380291938782,0.1612132489681244,0.12289983034133911
calculator,Personal Items,living_room,0.016830502077937126,0.1365295797586441,0.06877588480710983,0.07404532221456368
calculator,Personal Items,bedroom,0.11038552969694138,0.155837282538414,0.08472553640604019,0.1169827828804652
calculator,Personal Items,dining_room,0.03943713381886482,0.07942178845405579,0.07830869406461716,0.06572253877917926
calculator,Personal Items,pantry,0.11535137891769409,0.14901867508888245,0.18469983339309692,0.14968996246655783
calculator,Personal Items,garden,0.07314838469028473,0.09219760447740555,-0.0013777994317933917,0.05465606324529896
calculator,Personal Items,laundry_room,0.06128537654876709,0.16864120960235596,0.11946769803762436,0.11646476139624913
calculator,Personal Items,bathroom,0.10441040992736816,0.13973192870616913,0.09452825039625168,0.11289019634326299
mobile_phone,Personal Items,kitchen,0.07818976044654846,0.15362104773521423,0.22942747175693512,0.15374609331289926
mobile_phone,Personal Items,office,0.15188513696193695,0.26261138916015625,0.3349599540233612,0.24981882671515146
mobile_phone,Personal Items,playroom,0.08911257237195969,0.10367443412542343,-0.0412038154900074,0.05052773033579191
mobile_phone,Personal Items,living_room,0.5159122943878174,0.16879475116729736,0.32451382279396057,0.33640695611635846
mobile_phone,Personal Items,bedroom,0.1129450872540474,0.16819144785404205,0.23957137763500214,0.1735693042476972
mobile_phone,Personal Items,dining_room,0.5822849869728088,0.06985075026750565,0.2697713077068329,0.3073023483157158
mobile_phone,Personal Items,pantry,0.01766306534409523,0.09151652455329895,0.015260403975844383,0.041479997957746186
mobile_phone,Personal Items,garden,0.07483608275651932,0.07969410717487335,0.11590615659952164,0.0901454488436381
mobile_phone,Personal Items,laundry_room,0.62114018201828,0.17583252489566803,0.31942495703697205,0.3721325546503067
mobile_phone,Personal Items,bathroom,0.08727627247571945,0.15505479276180267,0.19250664114952087,0.14494590212901434
remote_control,Personal Items,kitchen,0.10417988896369934,0.1220637634396553,0.14416351914405823,0.12346905718247096
remote_control,Personal Items,office,0.04791322350502014,0.11689331382513046,0.2943415641784668,0.15304936716953912
remote_control,Personal Items,playroom,0.06912840157747269,0.15262527763843536,-0.03170277923345566,0.0633502999941508
remote_control,Personal Items,living_room,0.40706878900527954,0.21108657121658325,0.34903788566589355,0.32239774862925213
remote_control,Personal Items,bedroom,0.137264683842659,0.07733847945928574,0.16462697088718414,0.12641004472970963
remote_control,Personal Items,dining_room,0.4182581305503845,0.06828402727842331,0.21729090809822083,0.2346110219756762
remote_control,Personal Items,pantry,0.08584032952785492,0.04561614990234375,-0.02603549137711525,0.03514032935102781
remote_control,Personal Items,garden,0.12765654921531677,0.07094785571098328,0.15756478905677795,0.118723064661026
remote_control,Personal Items,laundry_room,0.5438995361328125,0.15340888500213623,0.16569875180721283,0.2876690576473872
remote_control,Personal Items,bathroom,0.12424539774656296,0.09487200528383255,0.05745076760649681,0.09218939021229744
toothpaste,Personal Items,kitchen,0.280121773481369,0.17420163750648499,0.14373859763145447,0.19935400287310281
toothpaste,Personal Items,office,0.11231548339128494,0.012538498267531395,-0.05068022012710571,0.024724587177236874
toothpaste,Personal Items,playroom,0.06831429898738861,0.03170032799243927,0.0885348990559578,0.06284984201192856
toothpaste,Personal Items,living_room,0.04059430584311485,0.05788113549351692,-0.019670000299811363,0.026268480345606804
toothpaste,Personal Items,bedroom,0.16820986568927765,0.08118829131126404,0.013408553786575794,0.08760223692903917
toothpaste,Personal Items,dining_room,0.028678562492132187,0.036548130214214325,0.0208998192101717,0.02870883730550607
toothpaste,Personal Items,pantry,0.2700001299381256,0.21836432814598083,0.24066364765167236,0.24300936857859293
toothpaste,Personal Items,garden,0.055105630308389664,0.006258704699575901,-0.05635136365890503,0.001670990449686845
toothpaste,Personal Items,laundry_room,0.07194683700799942,0.21237289905548096,0.18890047073364258,0.15774006893237433
toothpaste,Personal Items,bathroom,0.37910446524620056,0.2435106635093689,0.194305881857872,0.27230700353781384
aerosol_can,Personal Items,kitchen,0.013501027598977089,0.1501726359128952,0.16261403262615204,0.10876256537934144
aerosol_can,Personal Items,office,0.015878012403845787,0.1266508400440216,0.15323404967784882,0.0985876340419054
aerosol_can,Personal Items,playroom,0.018679503351449966,0.11127160489559174,-0.0394916906952858,0.030153139183918636
aerosol_can,Personal Items,living_room,0.2662982940673828,0.10927598923444748,0.2023988664150238,0.1926577165722847
aerosol_can,Personal Items,bedroom,0.013792162761092186,0.1253369003534317,0.09190982580184937,0.07701296297212441
aerosol_can,Personal Items,dining_room,0.3135852813720703,0.0422331877052784,0.13924461603164673,0.16502102836966515
aerosol_can,Personal Items,pantry,0.05175675079226494,0.1205720379948616,0.0987284928560257,0.09035242721438408
aerosol_can,Personal Items,garden,0.07431388646364212,0.14097006618976593,0.09180010110139847,0.10236135125160217
aerosol_can,Personal Items,laundry_room,0.3613531291484833,0.17480070888996124,0.19526535272598267,0.24380639692147574
aerosol_can,Personal Items,bathroom,-0.0024061594158411026,0.18749670684337616,0.15234297513961792,0.11247784085571766
box,Miscellaneous,kitchen,0.20933079719543457,0.196496844291687,0.28213000297546387,0.22931921482086182
box,Miscellaneous,office,0.43375611305236816,0.3583413362503052,0.3494033217430115,0.38050025701522827
box,Miscellaneous,playroom,0.2619088292121887,0.21362075209617615,0.08856142312288284,0.1880303348104159
box,Miscellaneous,living_room,0.09214604645967484,0.144767627120018,0.3408586084842682,0.192590760687987
box,Miscellaneous,bedroom,0.23338930308818817,0.1693677455186844,0.2829042971134186,0.2285537819067637
box,Miscellaneous,dining_room,0.07364268600940704,0.14962035417556763,0.34679001569747925,0.1900176852941513
box,Miscellaneous,pantry,0.30529987812042236,0.21948157250881195,0.12007211148738861,0.21495118737220764
box,Miscellaneous,garden,0.21070782840251923,0.10276023298501968,0.22634488344192505,0.17993764827648798
box,Miscellaneous,laundry_room,0.10418897122144699,0.22663749754428864,0.3569622337818146,0.2292629008491834
box,Miscellaneous,bathroom,0.18447361886501312,0.15283134579658508,0.21491342782974243,0.18407279749711355
boot,Miscellaneous,kitchen,0.09465401619672775,0.10685253143310547,0.14025314152240753,0.11391989638408025
boot,Miscellaneous,office,0.1452580988407135,0.08570849895477295,0.08539740741252899,0.10545466840267181
boot,Miscellaneous,playroom,0.0958244800567627,0.1240672618150711,0.12400440126657486,0.11463204771280289
boot,Miscellaneous,living_room,0.07865522801876068,0.1527683585882187,0.15871885418891907,0.13004748026529947
boot,Miscellaneous,bedroom,0.11449111998081207,0.13373006880283356,0.192018523812294,0.1467465708653132
boot,Miscellaneous,dining_room,0.09752689301967621,0.09050542861223221,0.14753220975399017,0.11185484379529953
boot,Miscellaneous,pantry,0.09691774845123291,0.15736930072307587,0.0341220498085022,0.09613636632760365
boot,Miscellaneous,garden,0.07858198136091232,0.09621469676494598,0.013295567594468594,0.06269741524010897
boot,Miscellaneous,laundry_room,0.09999407827854156,0.20962399244308472,0.18852044641971588,0.1660461723804474
boot,Miscellaneous,bathroom,0.13416709005832672,0.14513647556304932,0.18284501135349274,0.15404952565828958
towel,Miscellaneous,kitchen,0.3929837644100189,0.2840680480003357,0.3719150125980377,0.3496556083361308
towel,Miscellaneous,office,0.12703147530555725,0.05461077764630318,0.002681602258235216,0.06144128507003188
towel,Miscellaneous,playroom,0.21268203854560852,0.17379355430603027,0.07186464220285416,0.15278007835149765
towel,Miscellaneous,living_room,0.03939913958311081,0.17097920179367065,0.12180168181657791,0.11072667439778645
towel,Miscellaneous,bedroom,0.26436465978622437,0.19837361574172974,0.17115667462348938,0.21129831671714783
towel,Miscellaneous,dining_room,0.038983479142189026,0.20896704494953156,0.22686617076396942,0.15827223161856332
towel,Miscellaneous,pantry,0.23038005828857422,0.14396916329860687,0.18901225924491882,0.18778716027736664
towel,Miscellaneous,garden,0.1990966498851776,0.111922986805439,0.11954548954963684,0.14352170874675116
towel,Miscellaneous,laundry_room,0.11706885695457458,0.3609086871147156,0.387196809053421,0.28839145104090375
towel,Miscellaneous,bathroom,0.4592403173446655,0.39369428157806396,0.34899434447288513,0.4006429811318715
flower,Miscellaneous,kitchen,0.17174513638019562,0.19555029273033142,0.16327989101409912,0.17685844004154205
flower,Miscellaneous,office,0.09748733788728714,0.09544505178928375,0.05664540082216263,0.08319259683291118
flower,Miscellaneous,playroom,0.11686811596155167,0.12439776957035065,-0.0048916335217654705,0.07879141733671229
flower,Miscellaneous,living_room,0.09248832613229752,0.13215872645378113,0.17225663363933563,0.13230122874180475
flower,Miscellaneous,bedroom,0.19969983398914337,0.17680272459983826,0.17775751650333405,0.18475335836410522
flower,Miscellaneous,dining_room,0.07124047726392746,0.21737128496170044,0.18024499714374542,0.15628558645645776
flower,Miscellaneous,pantry,0.13836748898029327,0.17494992911815643,0.004890459589660168,0.1060692925627033
flower,Miscellaneous,garden,0.5510420203208923,0.5949039459228516,0.46284905076026917,0.5362650056680044
flower,Miscellaneous,laundry_room,0.10483670979738235,0.1958695501089096,0.1692766547203064,0.15666097154219946
flower,Miscellaneous,bathroom,0.16312524676322937,0.11877760291099548,0.1403684914112091,0.14075711369514465
candle,Miscellaneous,kitchen,0.20299850404262543,0.2888857126235962,0.25159427523612976,0.24782616396745047
candle,Miscellaneous,office,0.13653461635112762,0.08126208931207657,0.00809144414961338,0.07529604993760586
candle,Miscellaneous,playroom,0.1583080142736435,0.1718829721212387,0.05924256518483162,0.12981118385990462
candle,Miscellaneous,living_room,0.09403710812330246,0.22922800481319427,0.14799612760543823,0.157087080180645
candle,Miscellaneous,bedroom,0.2015591859817505,0.24761727452278137,0.18307942152023315,0.21075196067492166
candle,Miscellaneous,dining_room,0.05598817393183708,0.24359537661075592,0.20714139938354492,0.16890831664204597
candle,Miscellaneous,pantry,0.17117241024971008,0.22188927233219147,0.18023833632469177,0.19110000630219778
candle,Miscellaneous,garden,0.2002265453338623,0.2484353929758072,0.21584771573543549,0.221503218015035
candle,Miscellaneous,laundry_room,0.057736240327358246,0.24972780048847198,0.21377886831760406,0.17374763637781143
candle,Miscellaneous,bathroom,0.22853492200374603,0.20655851066112518,0.24951691925525665,0.22820345064004263
bell,Miscellaneous,kitchen,0.128657266497612,0.1626652330160141,0.19862477481365204,0.1633157581090927
bell,Miscellaneous,office,0.12313243001699448,0.04659252613782883,0.16161011159420013,0.11044502258300781
bell,Miscellaneous,playroom,0.046851061284542084,0.15074826776981354,-0.07109008729457855,0.042169747253259025
bell,Miscellaneous,living_room,0.1307271420955658,0.06420444697141647,0.15812647342681885,0.11768602083126704
bell,Miscellaneous,bedroom,0.05459543317556381,0.07528254389762878,0.06720540672540665,0.06569446126619975
bell,Miscellaneous,dining_room,0.103007972240448,0.14145362377166748,0.20009315013885498,0.14818491538365683
bell,Miscellaneous,pantry,0.13331931829452515,0.11927646398544312,-0.037124477326869965,0.07182376831769943
bell,Miscellaneous,garden,0.1620362102985382,0.0921601802110672,0.17767959833145142,0.14395866294701895
bell,Miscellaneous,laundry_room,0.16179221868515015,0.12620723247528076,0.12949331104755402,0.1391642540693283
bell,Miscellaneous,bathroom,0.09421908855438232,0.16037710011005402,0.04997757822275162,0.10152458896239598
